version,1.0
name,Test level.

data:
end

models:
Sample model,{
points:,8
[0],0.000000,0.000000,0.000000
[1],1.000000,0.000000,0.000000
[2],1.000000,0.000000,1.000000
[3],0.000000,0.000000,1.000000
[4],0.000000,1.000000,0.000000
[5],1.000000,1.000000,0.000000
[6],1.000000,1.000000,1.000000
[7],0.000000,1.000000,1.000000
end
triangles:,1
[0],0,1,2
end
}
end